DELETE FROM USUARIOS WHERE ID_USUARIO > 0;
DELETE FROM OBS_SUPERVISOR WHERE ID_OBS_SUPERVISOR > 0;
DELETE FROM OBS_INGENIERO WHERE ID_OBS_INGENIERO > 0;
DELETE FROM EVAL_TERR WHERE ID_EVAL_TERR > 0;
DELETE FROM SOLIEVALTER WHERE ID_SOLICITUD > 0;
DELETE FROM CAPACITACION WHERE ID_CAP > 0;
DELETE FROM PLAN_CAP WHERE ID_PLAN_CAP > 0;
DELETE FROM SESION_SALUD WHERE ID_SESION_SALUD > 0;
DELETE FROM EXAMENES WHERE ID_EXAMEN > 0;
DELETE FROM PLAN_SALUD WHERE ID_PLAN_SALUD > 0;
DELETE FROM CLIENTE WHERE ID_CLIENTE > 0;
DELETE FROM PERFIL WHERE ID_PERFIL > 0;
DELETE FROM SESION_CAP  WHERE ID_SESION_CAP > 0;
DELETE FROM CERTIFICADO WHERE ID_CERTIFICADO > 0;
DELETE FROM MEDICO WHERE ID_MEDICO > 0;
DELETE FROM TIPOVISITTER WHERE ID_TIPO_VISTER > 0;
DELETE FROM ESTADO_EVAL_TERR WHERE ID_ESTADO > 0;
DELETE FROM TIPO_CAP WHERE ID_TIPO_CAP > 0;
DELETE FROM TIPO_EXAMEN WHERE ID_TIPO_EXAM > 0;
DELETE FROM EXPOSITOR WHERE ID_EXPOSITOR > 0;

DROP SEQUENCE PERFIL_AUTO_INCR;
DROP SEQUENCE CLIENTE_AUTO_INCR;
DROP SEQUENCE USUARIOS_AUTO_INCR;
DROP SEQUENCE MEDICO_AUTO_INCR;
DROP SEQUENCE TIPOVISITTER_AUTO_INCR;
DROP SEQUENCE ESTADO_EVAL_TERR_AUTO_INCR;
DROP SEQUENCE TIPO_CAP_AUTO_INCR;
DROP SEQUENCE TIPO_EXAMEN_AUTO_INCR;
DROP SEQUENCE EXPOSITOR_AUTO_INCR;
DROP SEQUENCE CERTIFICADO_AUTO_INCR;
DROP SEQUENCE SOLIEVALTER_AUTO_INCR;
DROP SEQUENCE EVAL_TERR_AUTO_INCR;
DROP SEQUENCE OBS_SUPERVISOR_AUTO_INCR;
DROP SEQUENCE OBS_INGENIERO_AUTO_INCR;
DROP SEQUENCE PLAN_CAP_AUTO_INCR;
DROP SEQUENCE CAPACITACION_AUTO_INCR;
DROP SEQUENCE SESION_CAP_AUTO_INCR;
DROP SEQUENCE SESION_SALUD_AUTO_INCR;
DROP SEQUENCE EXAMENES_AUTO_INCR;
DROP SEQUENCE PLAN_SALUD_AUTO_INCR;

CREATE SEQUENCE PERFIL_AUTO_INCR INCREMENT BY 1 START WITH 1 NOCACHE NOCYCLE;
CREATE SEQUENCE CLIENTE_AUTO_INCR INCREMENT BY 1 START WITH 1 NOCACHE NOCYCLE;
CREATE SEQUENCE USUARIOS_AUTO_INCR INCREMENT BY 1 START WITH 1 NOCACHE NOCYCLE;
CREATE SEQUENCE MEDICO_AUTO_INCR INCREMENT BY 1 START WITH 1 NOCACHE NOCYCLE;
CREATE SEQUENCE TIPOVISITTER_AUTO_INCR INCREMENT BY 1 START WITH 1 NOCACHE NOCYCLE;
CREATE SEQUENCE ESTADO_EVAL_TERR_AUTO_INCR INCREMENT BY 1 START WITH 1 NOCACHE NOCYCLE;
CREATE SEQUENCE TIPO_CAP_AUTO_INCR INCREMENT BY 1 START WITH 1 NOCACHE NOCYCLE;
CREATE SEQUENCE TIPO_EXAMEN_AUTO_INCR INCREMENT BY 1 START WITH 1 NOCACHE NOCYCLE;
CREATE SEQUENCE EXPOSITOR_AUTO_INCR INCREMENT BY 1 START WITH 1 NOCACHE NOCYCLE;
CREATE SEQUENCE CERTIFICADO_AUTO_INCR INCREMENT BY 1 START WITH 1 NOCACHE NOCYCLE;
CREATE SEQUENCE SOLIEVALTER_AUTO_INCR INCREMENT BY 1 START WITH 1 NOCACHE NOCYCLE;
CREATE SEQUENCE EVAL_TERR_AUTO_INCR INCREMENT BY 1 START WITH 1 NOCACHE NOCYCLE;
CREATE SEQUENCE OBS_SUPERVISOR_AUTO_INCR INCREMENT BY 1 START WITH 1 NOCACHE NOCYCLE;
CREATE SEQUENCE OBS_INGENIERO_AUTO_INCR INCREMENT BY 1 START WITH 1 NOCACHE NOCYCLE;
CREATE SEQUENCE PLAN_CAP_AUTO_INCR INCREMENT BY 1 START WITH 1 NOCACHE NOCYCLE;
CREATE SEQUENCE CAPACITACION_AUTO_INCR INCREMENT BY 1 START WITH 1 NOCACHE NOCYCLE;
CREATE SEQUENCE SESION_CAP_AUTO_INCR INCREMENT BY 1 START WITH 1 NOCACHE NOCYCLE;
CREATE SEQUENCE SESION_SALUD_AUTO_INCR INCREMENT BY 1 START WITH 1 NOCACHE NOCYCLE;
CREATE SEQUENCE EXAMENES_AUTO_INCR INCREMENT BY 1 START WITH 1 NOCACHE NOCYCLE;
CREATE SEQUENCE PLAN_SALUD_AUTO_INCR INCREMENT BY 1 START WITH 1 NOCACHE NOCYCLE;


-- PERFILES
INSERT INTO PERFIL (ID_PERFIL, TIPO_PERFIL) VALUES(1, 'Administrador');
INSERT INTO PERFIL (ID_PERFIL, TIPO_PERFIL) VALUES(2, 'Supervisor');
INSERT INTO PERFIL (ID_PERFIL, TIPO_PERFIL) VALUES(3, 'Ingeniero');
INSERT INTO PERFIL (ID_PERFIL, TIPO_PERFIL) VALUES(4, 'Trabajador');
INSERT INTO PERFIL (ID_PERFIL, TIPO_PERFIL) VALUES(5, 'Técnico');
INSERT INTO PERFIL (ID_PERFIL, TIPO_PERFIL) VALUES(6, 'Cliente');

-- CLIENTES
INSERT INTO CLIENTE (ID_CLIENTE,RAZON_SOCIAL,RUT_CLIENTE,GIRO_CLIENTE,DIRECCION_CLIENTE,TEL_OFICINA,NOMBRE_CONTACTO,FONO_CONTACTO,MAIL_CONTACTO,CARGO_CONTACTO,ESTADO_CLIENTE) VALUES (1,'SAFE Prevención de riesgos','49279076-1','ASESORIAS','9749 Lobortis, Av.','56 2 8391 0990','Malik Cline','56 9 5787 7719','malesuada@elitfermentumrisus.edu','Gerente operaciones','0');
INSERT INTO CLIENTE (ID_CLIENTE,RAZON_SOCIAL,RUT_CLIENTE,GIRO_CLIENTE,DIRECCION_CLIENTE,TEL_OFICINA,NOMBRE_CONTACTO,FONO_CONTACTO,MAIL_CONTACTO,CARGO_CONTACTO,ESTADO_CLIENTE) VALUES (2,'Elit Foundation','16139203-0','EXPLOTACIÓN DE MINAS Y CANTERAS','8919 Phasellus Rd.','56 2 5943 6026','Keefe Fischer','56 9 8736 4415','ultrices@mauris.co.uk','Gerente operaciones','1');
INSERT INTO CLIENTE (ID_CLIENTE,RAZON_SOCIAL,RUT_CLIENTE,GIRO_CLIENTE,DIRECCION_CLIENTE,TEL_OFICINA,NOMBRE_CONTACTO,FONO_CONTACTO,MAIL_CONTACTO,CARGO_CONTACTO,ESTADO_CLIENTE) VALUES (3,'Magna Malesuada Incorporated','35076412-7','EXPLOTACIÓN DE MINAS Y CANTERAS','Ap #715-2268 Aliquet Rd.','56 2 3623 7655','Kelsie Gibson','56 9 2383 4563','nisi@urna.co.uk','Jefe de Proyecto','1');
INSERT INTO CLIENTE (ID_CLIENTE,RAZON_SOCIAL,RUT_CLIENTE,GIRO_CLIENTE,DIRECCION_CLIENTE,TEL_OFICINA,NOMBRE_CONTACTO,FONO_CONTACTO,MAIL_CONTACTO,CARGO_CONTACTO,ESTADO_CLIENTE) VALUES (4,'Arcu Foundation','27657547-3','EXPLOTACIÓN DE MINAS Y CANTERAS','6310 Magna. Street','56 2 9418 8438','Alfonso Silva','56 9 9907 3957','lectus.rutrum@atnisi.ca','Gerente operaciones','1');
INSERT INTO CLIENTE (ID_CLIENTE,RAZON_SOCIAL,RUT_CLIENTE,GIRO_CLIENTE,DIRECCION_CLIENTE,TEL_OFICINA,NOMBRE_CONTACTO,FONO_CONTACTO,MAIL_CONTACTO,CARGO_CONTACTO,ESTADO_CLIENTE) VALUES (5,'Natoque Limited','37411366-6','EXPLOTACIÓN DE MINAS Y CANTERAS','P.O. Box 425, 6854 Nam Road','56 2 9236 6423','Rhiannon Stark','56 9 6923 9838','amet@odioPhasellus.co.uk','Jefe de Proyecto','1');
INSERT INTO CLIENTE (ID_CLIENTE,RAZON_SOCIAL,RUT_CLIENTE,GIRO_CLIENTE,DIRECCION_CLIENTE,TEL_OFICINA,NOMBRE_CONTACTO,FONO_CONTACTO,MAIL_CONTACTO,CARGO_CONTACTO,ESTADO_CLIENTE) VALUES (6,'Est Mauris Eu PC','44667488-9','EXPLOTACIÓN DE MINAS Y CANTERAS','P.O. Box 100, 386 Ornare, Avenue','56 2 2300 9640','Tatiana Sharp','56 9 8039 7230','Nunc@lacus.edu','Gerente operaciones','1');
INSERT INTO CLIENTE (ID_CLIENTE,RAZON_SOCIAL,RUT_CLIENTE,GIRO_CLIENTE,DIRECCION_CLIENTE,TEL_OFICINA,NOMBRE_CONTACTO,FONO_CONTACTO,MAIL_CONTACTO,CARGO_CONTACTO,ESTADO_CLIENTE) VALUES (7,'In Institute','26269230-2','EXPLOTACIÓN DE MINAS Y CANTERAS','332-1836 Ultrices Rd.','56 2 1285 7135','Savannah Walsh','56 9 4871 1855','in.felis@pedenonummyut.org','Gerente operaciones','1');
INSERT INTO CLIENTE (ID_CLIENTE,RAZON_SOCIAL,RUT_CLIENTE,GIRO_CLIENTE,DIRECCION_CLIENTE,TEL_OFICINA,NOMBRE_CONTACTO,FONO_CONTACTO,MAIL_CONTACTO,CARGO_CONTACTO,ESTADO_CLIENTE) VALUES (8,'Maecenas Institute','15078018-7','EXPLOTACIÓN DE MINAS Y CANTERAS','828-7856 Odio Ave','56 2 9975 3941','Heidi Fischer','56 9 5259 9825','Sed.neque@egetmassaSuspendisse.edu','Gerente operaciones','1');
INSERT INTO CLIENTE (ID_CLIENTE,RAZON_SOCIAL,RUT_CLIENTE,GIRO_CLIENTE,DIRECCION_CLIENTE,TEL_OFICINA,NOMBRE_CONTACTO,FONO_CONTACTO,MAIL_CONTACTO,CARGO_CONTACTO,ESTADO_CLIENTE) VALUES (9,'Et Magnis Associates','27089787-8','EXPLOTACIÓN DE MINAS Y CANTERAS','P.O. Box 663, 1008 Donec Rd.','56 2 4074 0107','Sean Mcconnell','56 9 6609 0192','ut.nulla@senectus.net','Gerente general','1');
INSERT INTO CLIENTE (ID_CLIENTE,RAZON_SOCIAL,RUT_CLIENTE,GIRO_CLIENTE,DIRECCION_CLIENTE,TEL_OFICINA,NOMBRE_CONTACTO,FONO_CONTACTO,MAIL_CONTACTO,CARGO_CONTACTO,ESTADO_CLIENTE) VALUES (10,'Neque In Ornare Institute','36757710-K','EXPLOTACIÓN DE MINAS Y CANTERAS','P.O. Box 375, 9714 Mauris Avenue','56 2 1862 5103','Olympia Grimes','56 9 9835 7872','sed@atauctorullamcorper.com','Jefe de Proyecto','1');
INSERT INTO CLIENTE (ID_CLIENTE,RAZON_SOCIAL,RUT_CLIENTE,GIRO_CLIENTE,DIRECCION_CLIENTE,TEL_OFICINA,NOMBRE_CONTACTO,FONO_CONTACTO,MAIL_CONTACTO,CARGO_CONTACTO,ESTADO_CLIENTE) VALUES (11,'Volutpat Ornare Facilisis Inc.','45224740-2','EXPLOTACIÓN DE MINAS Y CANTERAS','3112 Montes, Road','56 2 9594 9952','Shannon Emerson','56 9 1790 7725','est.arcu@tortorInteger.com','Gerente general','1');
INSERT INTO CLIENTE (ID_CLIENTE,RAZON_SOCIAL,RUT_CLIENTE,GIRO_CLIENTE,DIRECCION_CLIENTE,TEL_OFICINA,NOMBRE_CONTACTO,FONO_CONTACTO,MAIL_CONTACTO,CARGO_CONTACTO,ESTADO_CLIENTE) VALUES (12,'Nam Ac Nulla LLP','15010726-1','EXPLOTACIÓN DE MINAS Y CANTERAS','Ap #827-4083 Est. Avenue','56 2 7651 6160','Colin Benson','56 9 5586 4469','non@montes.edu','Jefe de Proyecto','1');
INSERT INTO CLIENTE (ID_CLIENTE,RAZON_SOCIAL,RUT_CLIENTE,GIRO_CLIENTE,DIRECCION_CLIENTE,TEL_OFICINA,NOMBRE_CONTACTO,FONO_CONTACTO,MAIL_CONTACTO,CARGO_CONTACTO,ESTADO_CLIENTE) VALUES (13,'Nam Ligula Corporation','39852789-5','EXPLOTACIÓN DE MINAS Y CANTERAS','P.O. Box 283, 9154 Sollicitudin Rd.','56 2 1546 7440','Seth Haynes','56 9 1873 4554','Integer@elitEtiamlaoreet.co.uk','Gerente operaciones','1');
INSERT INTO CLIENTE (ID_CLIENTE,RAZON_SOCIAL,RUT_CLIENTE,GIRO_CLIENTE,DIRECCION_CLIENTE,TEL_OFICINA,NOMBRE_CONTACTO,FONO_CONTACTO,MAIL_CONTACTO,CARGO_CONTACTO,ESTADO_CLIENTE) VALUES (14,'Tellus Ltd','27926073-2','EXPLOTACIÓN DE MINAS Y CANTERAS','P.O. Box 708, 7663 Cursus St.','56 2 0152 3898','Caesar Phelps','56 9 7620 8801','adipiscing@adipiscingligula.ca','Jefe de Proyecto','1');
INSERT INTO CLIENTE (ID_CLIENTE,RAZON_SOCIAL,RUT_CLIENTE,GIRO_CLIENTE,DIRECCION_CLIENTE,TEL_OFICINA,NOMBRE_CONTACTO,FONO_CONTACTO,MAIL_CONTACTO,CARGO_CONTACTO,ESTADO_CLIENTE) VALUES (15,'Vitae Risus Duis Incorporated','19676762-2','EXPLOTACIÓN DE MINAS Y CANTERAS','P.O. Box 409, 5563 Montes, St.','56 2 0914 9751','Yvonne Leach','56 9 4199 7212','purus.ac.tellus@Aliquam.com','Jefe de Proyecto','1');

--SAFE
INSERT INTO USUARIOS (ID_USUARIO,RUN_USUARIO,NOMBRES_USUARIO,AP_PATERNO,AP_MATERNO,F_NACIMIENTO_USUARIO,SEXO_USUARIO,TEL_USUARIO,MAIL_USUARIO,ESTADO_USUARIO,CLAVE_USUARIO,PERFIL_ID_PERFIL,CLIENTE_ID_CLIENTE) VALUES (1,'40043300-3','Jocelyn','Swanson','Nelson','26-04-1981','Femenino','56 9 9651 7647','mus.Donec@tristiquepharetraQuisque.ca','1','123456',1,1);
INSERT INTO USUARIOS (ID_USUARIO,RUN_USUARIO,NOMBRES_USUARIO,AP_PATERNO,AP_MATERNO,F_NACIMIENTO_USUARIO,SEXO_USUARIO,TEL_USUARIO,MAIL_USUARIO,ESTADO_USUARIO,CLAVE_USUARIO,PERFIL_ID_PERFIL,CLIENTE_ID_CLIENTE) VALUES (2,'34481601-8','Walter','Wheeler','Lester','16-07-1972','Masculino','56 9 6320 2945','lorem@sodales.com','1','123456',2,1);
INSERT INTO USUARIOS (ID_USUARIO,RUN_USUARIO,NOMBRES_USUARIO,AP_PATERNO,AP_MATERNO,F_NACIMIENTO_USUARIO,SEXO_USUARIO,TEL_USUARIO,MAIL_USUARIO,ESTADO_USUARIO,CLAVE_USUARIO,PERFIL_ID_PERFIL,CLIENTE_ID_CLIENTE) VALUES (3,'5911543-K','Clark','Fields','Briggs','25-02-1984','Femenino','56 9 8256 3308','quam@Curabiturvel.co.uk','1','123456',3,1);
INSERT INTO USUARIOS (ID_USUARIO,RUN_USUARIO,NOMBRES_USUARIO,AP_PATERNO,AP_MATERNO,F_NACIMIENTO_USUARIO,SEXO_USUARIO,TEL_USUARIO,MAIL_USUARIO,ESTADO_USUARIO,CLAVE_USUARIO,PERFIL_ID_PERFIL,CLIENTE_ID_CLIENTE) VALUES (4,'44293039-2','Lee','Pittman','Schroeder','24-09-1966','Masculino','56 9 8920 0415','eget.varius@eliterat.com','1','123456',5,1);
INSERT INTO USUARIOS (ID_USUARIO,RUN_USUARIO,NOMBRES_USUARIO,AP_PATERNO,AP_MATERNO,F_NACIMIENTO_USUARIO,SEXO_USUARIO,TEL_USUARIO,MAIL_USUARIO,ESTADO_USUARIO,CLAVE_USUARIO,PERFIL_ID_PERFIL,CLIENTE_ID_CLIENTE) VALUES (5,'28773742-4','Idola','Alford','Mendoza','23-11-1978','Femenino','56 9 6079 8844','neque@consectetuer.co.uk','1','123456',5,1);
INSERT INTO USUARIOS (ID_USUARIO,RUN_USUARIO,NOMBRES_USUARIO,AP_PATERNO,AP_MATERNO,F_NACIMIENTO_USUARIO,SEXO_USUARIO,TEL_USUARIO,MAIL_USUARIO,ESTADO_USUARIO,CLAVE_USUARIO,PERFIL_ID_PERFIL,CLIENTE_ID_CLIENTE) VALUES (6,'8640834-1','Ralph','Patterson','Shaw','02-11-1979','Masculino','56 9 8250 2288','Nullam.lobortis@ridiculus.com','1','123456',5,1);

--CLIENTES
INSERT INTO USUARIOS (ID_USUARIO,RUN_USUARIO,NOMBRES_USUARIO,AP_PATERNO,AP_MATERNO,F_NACIMIENTO_USUARIO,SEXO_USUARIO,TEL_USUARIO,MAIL_USUARIO,ESTADO_USUARIO,CLAVE_USUARIO,PERFIL_ID_PERFIL,CLIENTE_ID_CLIENTE) VALUES (7,'46848475-7','Aphrodite','Oconnor','Owen','13-10-1967','Femenino','56 9 2607 8238','magnis.dis@vehicula.edu','1','123456',6,2);
INSERT INTO USUARIOS (ID_USUARIO,RUN_USUARIO,NOMBRES_USUARIO,AP_PATERNO,AP_MATERNO,F_NACIMIENTO_USUARIO,SEXO_USUARIO,TEL_USUARIO,MAIL_USUARIO,ESTADO_USUARIO,CLAVE_USUARIO,PERFIL_ID_PERFIL,CLIENTE_ID_CLIENTE) VALUES (8,'33899723-K','Macey','Steele','Horne','25-05-1979','Femenino','56 9 4390 1164','Vivamus.nibh.dolor@enimMauris.com','1','123456',6,3);
INSERT INTO USUARIOS (ID_USUARIO,RUN_USUARIO,NOMBRES_USUARIO,AP_PATERNO,AP_MATERNO,F_NACIMIENTO_USUARIO,SEXO_USUARIO,TEL_USUARIO,MAIL_USUARIO,ESTADO_USUARIO,CLAVE_USUARIO,PERFIL_ID_PERFIL,CLIENTE_ID_CLIENTE) VALUES (9,'38639543-8','Ashton','Owen','Meadows','02-03-1979','Masculino','56 9 1180 2718','magna.tellus@lobortisquispede.net','1','123456',6,4);
INSERT INTO USUARIOS (ID_USUARIO,RUN_USUARIO,NOMBRES_USUARIO,AP_PATERNO,AP_MATERNO,F_NACIMIENTO_USUARIO,SEXO_USUARIO,TEL_USUARIO,MAIL_USUARIO,ESTADO_USUARIO,CLAVE_USUARIO,PERFIL_ID_PERFIL,CLIENTE_ID_CLIENTE) VALUES (10,'16746325-8','Allistair','Stokes','Case','29-12-1976','Masculino','56 9 6355 3111','Suspendisse.dui.Fusce@facilisis.org','1','123456',6,5);
INSERT INTO USUARIOS (ID_USUARIO,RUN_USUARIO,NOMBRES_USUARIO,AP_PATERNO,AP_MATERNO,F_NACIMIENTO_USUARIO,SEXO_USUARIO,TEL_USUARIO,MAIL_USUARIO,ESTADO_USUARIO,CLAVE_USUARIO,PERFIL_ID_PERFIL,CLIENTE_ID_CLIENTE) VALUES (11,'5770916-2','Ishmael','Moreno','Hickman','14-01-1974','Masculino','56 9 2908 7473','mollis.dui.in@risus.com','1','123456',6,6);
INSERT INTO USUARIOS (ID_USUARIO,RUN_USUARIO,NOMBRES_USUARIO,AP_PATERNO,AP_MATERNO,F_NACIMIENTO_USUARIO,SEXO_USUARIO,TEL_USUARIO,MAIL_USUARIO,ESTADO_USUARIO,CLAVE_USUARIO,PERFIL_ID_PERFIL,CLIENTE_ID_CLIENTE) VALUES (12,'50329134-7','Danielle','Whitaker','Hammond','01-10-1970','Masculino','56 9 5039 2627','mi@luctus.ca','1','123456',6,7);
INSERT INTO USUARIOS (ID_USUARIO,RUN_USUARIO,NOMBRES_USUARIO,AP_PATERNO,AP_MATERNO,F_NACIMIENTO_USUARIO,SEXO_USUARIO,TEL_USUARIO,MAIL_USUARIO,ESTADO_USUARIO,CLAVE_USUARIO,PERFIL_ID_PERFIL,CLIENTE_ID_CLIENTE) VALUES (13,'6949658-K','Leandra','Guzman','Valdez','04-11-1973','Masculino','56 9 0435 0488','eu.elit.Nulla@tellussemmollis.com','1','123456',6,8);
INSERT INTO USUARIOS (ID_USUARIO,RUN_USUARIO,NOMBRES_USUARIO,AP_PATERNO,AP_MATERNO,F_NACIMIENTO_USUARIO,SEXO_USUARIO,TEL_USUARIO,MAIL_USUARIO,ESTADO_USUARIO,CLAVE_USUARIO,PERFIL_ID_PERFIL,CLIENTE_ID_CLIENTE) VALUES (14,'41253000-4','Tate','Horn','Ferrell','12-12-1969','Masculino','56 9 7806 3389','Quisque.ornare.tortor@Curabitur.co.uk','1','123456',6,9);
INSERT INTO USUARIOS (ID_USUARIO,RUN_USUARIO,NOMBRES_USUARIO,AP_PATERNO,AP_MATERNO,F_NACIMIENTO_USUARIO,SEXO_USUARIO,TEL_USUARIO,MAIL_USUARIO,ESTADO_USUARIO,CLAVE_USUARIO,PERFIL_ID_PERFIL,CLIENTE_ID_CLIENTE) VALUES (15,'50861883-2','Hollee','Skinner','Mcmillan','25-08-1977','Femenino','56 9 0866 1716','ac@parturientmontesnascetur.edu','1','123456',6,10);
INSERT INTO USUARIOS (ID_USUARIO,RUN_USUARIO,NOMBRES_USUARIO,AP_PATERNO,AP_MATERNO,F_NACIMIENTO_USUARIO,SEXO_USUARIO,TEL_USUARIO,MAIL_USUARIO,ESTADO_USUARIO,CLAVE_USUARIO,PERFIL_ID_PERFIL,CLIENTE_ID_CLIENTE) VALUES (16,'41325387-K','Jolie','Woods','Hooper','14-12-1971','Masculino','56 9 1071 3277','purus.gravida@etnunc.co.uk','1','123456',6,11);
INSERT INTO USUARIOS (ID_USUARIO,RUN_USUARIO,NOMBRES_USUARIO,AP_PATERNO,AP_MATERNO,F_NACIMIENTO_USUARIO,SEXO_USUARIO,TEL_USUARIO,MAIL_USUARIO,ESTADO_USUARIO,CLAVE_USUARIO,PERFIL_ID_PERFIL,CLIENTE_ID_CLIENTE) VALUES (17,'46603711-7','Heather','Schultz','Riggs','15-03-1970','Masculino','56 9 2042 0795','amet.risus@vulputate.org','1','123456',6,12);
INSERT INTO USUARIOS (ID_USUARIO,RUN_USUARIO,NOMBRES_USUARIO,AP_PATERNO,AP_MATERNO,F_NACIMIENTO_USUARIO,SEXO_USUARIO,TEL_USUARIO,MAIL_USUARIO,ESTADO_USUARIO,CLAVE_USUARIO,PERFIL_ID_PERFIL,CLIENTE_ID_CLIENTE) VALUES (18,'26242037-K','Jenette','Sosa','Tran','22-03-1970','Masculino','56 9 1537 1472','eleifend.nunc.risus@acmattisornare.ca','1','123456',6,13);
INSERT INTO USUARIOS (ID_USUARIO,RUN_USUARIO,NOMBRES_USUARIO,AP_PATERNO,AP_MATERNO,F_NACIMIENTO_USUARIO,SEXO_USUARIO,TEL_USUARIO,MAIL_USUARIO,ESTADO_USUARIO,CLAVE_USUARIO,PERFIL_ID_PERFIL,CLIENTE_ID_CLIENTE) VALUES (19,'14154534-5','Wyoming','Wade','Adams','29-11-1985','Masculino','56 9 9507 7641','lacus@hendreritid.edu','1','123456',6,14);
INSERT INTO USUARIOS (ID_USUARIO,RUN_USUARIO,NOMBRES_USUARIO,AP_PATERNO,AP_MATERNO,F_NACIMIENTO_USUARIO,SEXO_USUARIO,TEL_USUARIO,MAIL_USUARIO,ESTADO_USUARIO,CLAVE_USUARIO,PERFIL_ID_PERFIL,CLIENTE_ID_CLIENTE) VALUES (20,'37488858-7','Perry','Randolph','Nash','29-02-1984','Masculino','56 9 9327 7391','Aliquam.adipiscing.lobortis@luctusipsumleo.net','1','123456',6,15);

-- TRABAJADORES
INSERT INTO USUARIOS (ID_USUARIO,RUN_USUARIO,NOMBRES_USUARIO,AP_PATERNO,AP_MATERNO,F_NACIMIENTO_USUARIO,SEXO_USUARIO,TEL_USUARIO,MAIL_USUARIO,ESTADO_USUARIO,CLAVE_USUARIO,PERFIL_ID_PERFIL,CLIENTE_ID_CLIENTE) VALUES (21,'45694955-K','Christopher','Morris','Silva','19-05-1973','Femenino','56 9 5032 0487','Mauris.non.dui@elementumategestas.ca','1','123456',4,2);
INSERT INTO USUARIOS (ID_USUARIO,RUN_USUARIO,NOMBRES_USUARIO,AP_PATERNO,AP_MATERNO,F_NACIMIENTO_USUARIO,SEXO_USUARIO,TEL_USUARIO,MAIL_USUARIO,ESTADO_USUARIO,CLAVE_USUARIO,PERFIL_ID_PERFIL,CLIENTE_ID_CLIENTE) VALUES (22,'46851843-0','Jelani','Estrada','Ross','14-08-1985','Masculino','56 9 8472 9872','porttitor@mi.net','1','123456',4,3);
INSERT INTO USUARIOS (ID_USUARIO,RUN_USUARIO,NOMBRES_USUARIO,AP_PATERNO,AP_MATERNO,F_NACIMIENTO_USUARIO,SEXO_USUARIO,TEL_USUARIO,MAIL_USUARIO,ESTADO_USUARIO,CLAVE_USUARIO,PERFIL_ID_PERFIL,CLIENTE_ID_CLIENTE) VALUES (23,'48290788-1','Dennis','Ayers','Alvarez','07-12-1982','Masculino','56 9 0770 9521','velit@gravida.edu','1','123456',4,4);
INSERT INTO USUARIOS (ID_USUARIO,RUN_USUARIO,NOMBRES_USUARIO,AP_PATERNO,AP_MATERNO,F_NACIMIENTO_USUARIO,SEXO_USUARIO,TEL_USUARIO,MAIL_USUARIO,ESTADO_USUARIO,CLAVE_USUARIO,PERFIL_ID_PERFIL,CLIENTE_ID_CLIENTE) VALUES (24,'33144665-3','Brennan','Haynes','Bowers','18-06-1985','Femenino','56 9 5985 3688','Fusce@faucibusMorbivehicula.co.uk','1','123456',4,5);
INSERT INTO USUARIOS (ID_USUARIO,RUN_USUARIO,NOMBRES_USUARIO,AP_PATERNO,AP_MATERNO,F_NACIMIENTO_USUARIO,SEXO_USUARIO,TEL_USUARIO,MAIL_USUARIO,ESTADO_USUARIO,CLAVE_USUARIO,PERFIL_ID_PERFIL,CLIENTE_ID_CLIENTE) VALUES (25,'31678423-2','Dillon','Griffith','Gamble','06-01-1985','Femenino','56 9 2166 8217','ornare.tortor.at@blandit.ca','1','123456',4,6);
INSERT INTO USUARIOS (ID_USUARIO,RUN_USUARIO,NOMBRES_USUARIO,AP_PATERNO,AP_MATERNO,F_NACIMIENTO_USUARIO,SEXO_USUARIO,TEL_USUARIO,MAIL_USUARIO,ESTADO_USUARIO,CLAVE_USUARIO,PERFIL_ID_PERFIL,CLIENTE_ID_CLIENTE) VALUES (26,'16082511-1','Phoebe','Jenkins','Willis','13-04-1966','Masculino','56 9 9030 3744','ut.mi@Quisque.edu','1','123456',4,7);
INSERT INTO USUARIOS (ID_USUARIO,RUN_USUARIO,NOMBRES_USUARIO,AP_PATERNO,AP_MATERNO,F_NACIMIENTO_USUARIO,SEXO_USUARIO,TEL_USUARIO,MAIL_USUARIO,ESTADO_USUARIO,CLAVE_USUARIO,PERFIL_ID_PERFIL,CLIENTE_ID_CLIENTE) VALUES (27,'34069400-7','Britanni','Morgan','Hardy','18-03-1966','Masculino','56 9 1751 7953','Etiam.imperdiet.dictum@maurisaliquameu.com','1','123456',4,8);
INSERT INTO USUARIOS (ID_USUARIO,RUN_USUARIO,NOMBRES_USUARIO,AP_PATERNO,AP_MATERNO,F_NACIMIENTO_USUARIO,SEXO_USUARIO,TEL_USUARIO,MAIL_USUARIO,ESTADO_USUARIO,CLAVE_USUARIO,PERFIL_ID_PERFIL,CLIENTE_ID_CLIENTE) VALUES (28,'26011298-8','Colette','Hensley','Barrera','06-11-1972','Masculino','56 9 0263 2091','tempor.augue@utpellentesqueeget.net','1','123456',4,9);
INSERT INTO USUARIOS (ID_USUARIO,RUN_USUARIO,NOMBRES_USUARIO,AP_PATERNO,AP_MATERNO,F_NACIMIENTO_USUARIO,SEXO_USUARIO,TEL_USUARIO,MAIL_USUARIO,ESTADO_USUARIO,CLAVE_USUARIO,PERFIL_ID_PERFIL,CLIENTE_ID_CLIENTE) VALUES (29,'24981741-4','Sloane','Schultz','Mcintosh','03-05-1985','Masculino','56 9 5828 8793','a.facilisis.non@in.com','1','123456',4,10);
INSERT INTO USUARIOS (ID_USUARIO,RUN_USUARIO,NOMBRES_USUARIO,AP_PATERNO,AP_MATERNO,F_NACIMIENTO_USUARIO,SEXO_USUARIO,TEL_USUARIO,MAIL_USUARIO,ESTADO_USUARIO,CLAVE_USUARIO,PERFIL_ID_PERFIL,CLIENTE_ID_CLIENTE) VALUES (30,'16070011-4','Odette','Manning','Beasley','15-02-1970','Masculino','56 9 9149 3494','nunc.sed.libero@Quisque.org','1','123456',4,11);
INSERT INTO USUARIOS (ID_USUARIO,RUN_USUARIO,NOMBRES_USUARIO,AP_PATERNO,AP_MATERNO,F_NACIMIENTO_USUARIO,SEXO_USUARIO,TEL_USUARIO,MAIL_USUARIO,ESTADO_USUARIO,CLAVE_USUARIO,PERFIL_ID_PERFIL,CLIENTE_ID_CLIENTE) VALUES (31,'7564932-0','Driscoll','Kemp','Santos','01-11-1980','Femenino','56 9 2865 3261','ante.Vivamus.non@urna.net','1','123456',4,12);
INSERT INTO USUARIOS (ID_USUARIO,RUN_USUARIO,NOMBRES_USUARIO,AP_PATERNO,AP_MATERNO,F_NACIMIENTO_USUARIO,SEXO_USUARIO,TEL_USUARIO,MAIL_USUARIO,ESTADO_USUARIO,CLAVE_USUARIO,PERFIL_ID_PERFIL,CLIENTE_ID_CLIENTE) VALUES (32,'29677224-0','Paloma','Norton','Best','28-11-1969','Masculino','56 9 6875 1910','semper@habitantmorbitristique.co.uk','1','123456',4,13);
INSERT INTO USUARIOS (ID_USUARIO,RUN_USUARIO,NOMBRES_USUARIO,AP_PATERNO,AP_MATERNO,F_NACIMIENTO_USUARIO,SEXO_USUARIO,TEL_USUARIO,MAIL_USUARIO,ESTADO_USUARIO,CLAVE_USUARIO,PERFIL_ID_PERFIL,CLIENTE_ID_CLIENTE) VALUES (33,'42922123-4','Lyle','Rowe','Hernandez','05-04-1966','Masculino','56 9 8593 9538','Integer.in.magna@egestas.edu','1','123456',4,14);
INSERT INTO USUARIOS (ID_USUARIO,RUN_USUARIO,NOMBRES_USUARIO,AP_PATERNO,AP_MATERNO,F_NACIMIENTO_USUARIO,SEXO_USUARIO,TEL_USUARIO,MAIL_USUARIO,ESTADO_USUARIO,CLAVE_USUARIO,PERFIL_ID_PERFIL,CLIENTE_ID_CLIENTE) VALUES (34,'5089164-K','Lev','Mooney','Hurley','25-02-1975','Femenino','56 9 6793 3876','cursus@libero.ca','1','123456',4,15);
INSERT INTO USUARIOS (ID_USUARIO,RUN_USUARIO,NOMBRES_USUARIO,AP_PATERNO,AP_MATERNO,F_NACIMIENTO_USUARIO,SEXO_USUARIO,TEL_USUARIO,MAIL_USUARIO,ESTADO_USUARIO,CLAVE_USUARIO,PERFIL_ID_PERFIL,CLIENTE_ID_CLIENTE) VALUES (35,'13072054-4','Hakeem','Cortez','Beach','28-10-1985','Femenino','56 9 9693 2435','sem.vitae.aliquam@interdum.org','1','123456',4,2);
INSERT INTO USUARIOS (ID_USUARIO,RUN_USUARIO,NOMBRES_USUARIO,AP_PATERNO,AP_MATERNO,F_NACIMIENTO_USUARIO,SEXO_USUARIO,TEL_USUARIO,MAIL_USUARIO,ESTADO_USUARIO,CLAVE_USUARIO,PERFIL_ID_PERFIL,CLIENTE_ID_CLIENTE) VALUES (36,'36556193-1','Eaton','Duncan','Bauer','01-12-1969','Masculino','56 9 7963 7130','nunc.ullamcorper.eu@massaQuisqueporttitor.ca','1','123456',4,3);
INSERT INTO USUARIOS (ID_USUARIO,RUN_USUARIO,NOMBRES_USUARIO,AP_PATERNO,AP_MATERNO,F_NACIMIENTO_USUARIO,SEXO_USUARIO,TEL_USUARIO,MAIL_USUARIO,ESTADO_USUARIO,CLAVE_USUARIO,PERFIL_ID_PERFIL,CLIENTE_ID_CLIENTE) VALUES (37,'6226072-6','Lev','Pearson','Ware','28-05-1985','Femenino','56 9 0034 8283','id@magnaPhasellusdolor.org','1','123456',4,4);
INSERT INTO USUARIOS (ID_USUARIO,RUN_USUARIO,NOMBRES_USUARIO,AP_PATERNO,AP_MATERNO,F_NACIMIENTO_USUARIO,SEXO_USUARIO,TEL_USUARIO,MAIL_USUARIO,ESTADO_USUARIO,CLAVE_USUARIO,PERFIL_ID_PERFIL,CLIENTE_ID_CLIENTE) VALUES (38,'16263288-4','Ian','Potter','Romero','21-01-1976','Masculino','56 9 6653 3401','cursus.in.hendrerit@enimgravidasit.edu','1','123456',4,5);
INSERT INTO USUARIOS (ID_USUARIO,RUN_USUARIO,NOMBRES_USUARIO,AP_PATERNO,AP_MATERNO,F_NACIMIENTO_USUARIO,SEXO_USUARIO,TEL_USUARIO,MAIL_USUARIO,ESTADO_USUARIO,CLAVE_USUARIO,PERFIL_ID_PERFIL,CLIENTE_ID_CLIENTE) VALUES (39,'27700437-2','Bruno','Manning','Duke','09-10-1969','Masculino','56 9 0860 4783','ut@posuerecubilia.ca','1','123456',4,6);
INSERT INTO USUARIOS (ID_USUARIO,RUN_USUARIO,NOMBRES_USUARIO,AP_PATERNO,AP_MATERNO,F_NACIMIENTO_USUARIO,SEXO_USUARIO,TEL_USUARIO,MAIL_USUARIO,ESTADO_USUARIO,CLAVE_USUARIO,PERFIL_ID_PERFIL,CLIENTE_ID_CLIENTE) VALUES (40,'26859816-2','Ebony','Calhoun','Bray','04-02-1973','Masculino','56 9 9891 3725','arcu@metussitamet.org','1','123456',4,7);
INSERT INTO USUARIOS (ID_USUARIO,RUN_USUARIO,NOMBRES_USUARIO,AP_PATERNO,AP_MATERNO,F_NACIMIENTO_USUARIO,SEXO_USUARIO,TEL_USUARIO,MAIL_USUARIO,ESTADO_USUARIO,CLAVE_USUARIO,PERFIL_ID_PERFIL,CLIENTE_ID_CLIENTE) VALUES (41,'34455328-9','Jasper','Eaton','Thompson','29-09-1985','Masculino','56 9 6200 4166','Proin@inlobortistellus.net','1','123456',4,8);
INSERT INTO USUARIOS (ID_USUARIO,RUN_USUARIO,NOMBRES_USUARIO,AP_PATERNO,AP_MATERNO,F_NACIMIENTO_USUARIO,SEXO_USUARIO,TEL_USUARIO,MAIL_USUARIO,ESTADO_USUARIO,CLAVE_USUARIO,PERFIL_ID_PERFIL,CLIENTE_ID_CLIENTE) VALUES (42,'31437147-K','Gretchen','Wagner','Booth','26-12-1978','Femenino','56 9 4835 3400','vestibulum@a.org','1','123456',4,9);
INSERT INTO USUARIOS (ID_USUARIO,RUN_USUARIO,NOMBRES_USUARIO,AP_PATERNO,AP_MATERNO,F_NACIMIENTO_USUARIO,SEXO_USUARIO,TEL_USUARIO,MAIL_USUARIO,ESTADO_USUARIO,CLAVE_USUARIO,PERFIL_ID_PERFIL,CLIENTE_ID_CLIENTE) VALUES (43,'34753201-0','Jeremy','Callahan','Schroeder','25-03-1972','Masculino','56 9 4776 6085','facilisis.magna@aliquet.net','1','123456',4,10);
INSERT INTO USUARIOS (ID_USUARIO,RUN_USUARIO,NOMBRES_USUARIO,AP_PATERNO,AP_MATERNO,F_NACIMIENTO_USUARIO,SEXO_USUARIO,TEL_USUARIO,MAIL_USUARIO,ESTADO_USUARIO,CLAVE_USUARIO,PERFIL_ID_PERFIL,CLIENTE_ID_CLIENTE) VALUES (44,'16488402-3','Camille','Sellers','Cherry','11-03-1970','Femenino','56 9 5192 9115','semper@arcuvel.co.uk','1','123456',4,11);
INSERT INTO USUARIOS (ID_USUARIO,RUN_USUARIO,NOMBRES_USUARIO,AP_PATERNO,AP_MATERNO,F_NACIMIENTO_USUARIO,SEXO_USUARIO,TEL_USUARIO,MAIL_USUARIO,ESTADO_USUARIO,CLAVE_USUARIO,PERFIL_ID_PERFIL,CLIENTE_ID_CLIENTE) VALUES (45,'10631020-3','Heather','Gould','Collins','01-07-1972','Femenino','56 9 5359 1066','elementum@dictum.ca','1','123456',4,12);
INSERT INTO USUARIOS (ID_USUARIO,RUN_USUARIO,NOMBRES_USUARIO,AP_PATERNO,AP_MATERNO,F_NACIMIENTO_USUARIO,SEXO_USUARIO,TEL_USUARIO,MAIL_USUARIO,ESTADO_USUARIO,CLAVE_USUARIO,PERFIL_ID_PERFIL,CLIENTE_ID_CLIENTE) VALUES (46,'5435162-3','Beverly','Rojas','Shelton','26-08-1979','Masculino','56 9 3962 2613','gravida@parturient.ca','1','123456',4,13);
INSERT INTO USUARIOS (ID_USUARIO,RUN_USUARIO,NOMBRES_USUARIO,AP_PATERNO,AP_MATERNO,F_NACIMIENTO_USUARIO,SEXO_USUARIO,TEL_USUARIO,MAIL_USUARIO,ESTADO_USUARIO,CLAVE_USUARIO,PERFIL_ID_PERFIL,CLIENTE_ID_CLIENTE) VALUES (47,'28597803-3','Tate','Vaughan','Cross','01-07-1978','Femenino','56 9 7248 6929','bibendum@leo.edu','1','123456',4,14);
INSERT INTO USUARIOS (ID_USUARIO,RUN_USUARIO,NOMBRES_USUARIO,AP_PATERNO,AP_MATERNO,F_NACIMIENTO_USUARIO,SEXO_USUARIO,TEL_USUARIO,MAIL_USUARIO,ESTADO_USUARIO,CLAVE_USUARIO,PERFIL_ID_PERFIL,CLIENTE_ID_CLIENTE) VALUES (48,'19842436-6','Nevada','Schultz','Hodge','18-03-1983','Masculino','56 9 3670 8809','a.aliquet.vel@Maecenasmifelis.net','1','123456',4,15);
INSERT INTO USUARIOS (ID_USUARIO,RUN_USUARIO,NOMBRES_USUARIO,AP_PATERNO,AP_MATERNO,F_NACIMIENTO_USUARIO,SEXO_USUARIO,TEL_USUARIO,MAIL_USUARIO,ESTADO_USUARIO,CLAVE_USUARIO,PERFIL_ID_PERFIL,CLIENTE_ID_CLIENTE) VALUES (49,'19124580-6','Nomlanga','Mooney','Lopez','23-11-1973','Femenino','56 9 6379 5193','orci.consectetuer.euismod@vel.co.uk','1','123456',4,2);
INSERT INTO USUARIOS (ID_USUARIO,RUN_USUARIO,NOMBRES_USUARIO,AP_PATERNO,AP_MATERNO,F_NACIMIENTO_USUARIO,SEXO_USUARIO,TEL_USUARIO,MAIL_USUARIO,ESTADO_USUARIO,CLAVE_USUARIO,PERFIL_ID_PERFIL,CLIENTE_ID_CLIENTE) VALUES (50,'44491587-0','Halla','Carrillo','Campos','07-01-1984','Femenino','56 9 2735 7640','eros@Ut.edu','1','123456',4,3);
INSERT INTO USUARIOS (ID_USUARIO,RUN_USUARIO,NOMBRES_USUARIO,AP_PATERNO,AP_MATERNO,F_NACIMIENTO_USUARIO,SEXO_USUARIO,TEL_USUARIO,MAIL_USUARIO,ESTADO_USUARIO,CLAVE_USUARIO,PERFIL_ID_PERFIL,CLIENTE_ID_CLIENTE) VALUES (51,'44977984-3','Madeson','Allison','Workman','09-01-1971','Masculino','56 9 3283 3638','parturient.montes@Integer.edu','1','123456',4,4);
INSERT INTO USUARIOS (ID_USUARIO,RUN_USUARIO,NOMBRES_USUARIO,AP_PATERNO,AP_MATERNO,F_NACIMIENTO_USUARIO,SEXO_USUARIO,TEL_USUARIO,MAIL_USUARIO,ESTADO_USUARIO,CLAVE_USUARIO,PERFIL_ID_PERFIL,CLIENTE_ID_CLIENTE) VALUES (52,'49507351-3','Lucius','Meyers','Burgess','16-12-1983','Femenino','56 9 2058 8638','Pellentesque.habitant@Vivamus.com','1','123456',4,5);
INSERT INTO USUARIOS (ID_USUARIO,RUN_USUARIO,NOMBRES_USUARIO,AP_PATERNO,AP_MATERNO,F_NACIMIENTO_USUARIO,SEXO_USUARIO,TEL_USUARIO,MAIL_USUARIO,ESTADO_USUARIO,CLAVE_USUARIO,PERFIL_ID_PERFIL,CLIENTE_ID_CLIENTE) VALUES (53,'20996333-7','Francesca','Campbell','Wilkerson','31-12-1983','Masculino','56 9 2754 3801','Nulla.dignissim@cursusaenim.edu','1','123456',4,6);
INSERT INTO USUARIOS (ID_USUARIO,RUN_USUARIO,NOMBRES_USUARIO,AP_PATERNO,AP_MATERNO,F_NACIMIENTO_USUARIO,SEXO_USUARIO,TEL_USUARIO,MAIL_USUARIO,ESTADO_USUARIO,CLAVE_USUARIO,PERFIL_ID_PERFIL,CLIENTE_ID_CLIENTE) VALUES (54,'35411844-0','Seth','White','Watts','09-06-1976','Femenino','56 9 8563 0314','Phasellus.libero@velitinaliquet.com','1','123456',4,7);
INSERT INTO USUARIOS (ID_USUARIO,RUN_USUARIO,NOMBRES_USUARIO,AP_PATERNO,AP_MATERNO,F_NACIMIENTO_USUARIO,SEXO_USUARIO,TEL_USUARIO,MAIL_USUARIO,ESTADO_USUARIO,CLAVE_USUARIO,PERFIL_ID_PERFIL,CLIENTE_ID_CLIENTE) VALUES (55,'40572441-3','Todd','Shepherd','Rice','12-10-1985','Masculino','56 9 9928 2625','faucibus@diamProin.net','1','123456',4,8);
INSERT INTO USUARIOS (ID_USUARIO,RUN_USUARIO,NOMBRES_USUARIO,AP_PATERNO,AP_MATERNO,F_NACIMIENTO_USUARIO,SEXO_USUARIO,TEL_USUARIO,MAIL_USUARIO,ESTADO_USUARIO,CLAVE_USUARIO,PERFIL_ID_PERFIL,CLIENTE_ID_CLIENTE) VALUES (56,'28884005-9','Miriam','Larson','Gray','11-11-1980','Femenino','56 9 7620 2395','porttitor.vulputate.posuere@magna.org','1','123456',4,9);
INSERT INTO USUARIOS (ID_USUARIO,RUN_USUARIO,NOMBRES_USUARIO,AP_PATERNO,AP_MATERNO,F_NACIMIENTO_USUARIO,SEXO_USUARIO,TEL_USUARIO,MAIL_USUARIO,ESTADO_USUARIO,CLAVE_USUARIO,PERFIL_ID_PERFIL,CLIENTE_ID_CLIENTE) VALUES (57,'35088430-0','Margaret','Parsons','Barry','09-09-1980','Masculino','56 9 5337 5983','tristique.pharetra@Donectincidunt.ca','1','123456',4,10);
INSERT INTO USUARIOS (ID_USUARIO,RUN_USUARIO,NOMBRES_USUARIO,AP_PATERNO,AP_MATERNO,F_NACIMIENTO_USUARIO,SEXO_USUARIO,TEL_USUARIO,MAIL_USUARIO,ESTADO_USUARIO,CLAVE_USUARIO,PERFIL_ID_PERFIL,CLIENTE_ID_CLIENTE) VALUES (58,'22872871-3','Bradley','Armstrong','Beck','20-08-1966','Femenino','56 9 9350 8135','enim.consequat@purusin.co.uk','1','123456',4,11);
INSERT INTO USUARIOS (ID_USUARIO,RUN_USUARIO,NOMBRES_USUARIO,AP_PATERNO,AP_MATERNO,F_NACIMIENTO_USUARIO,SEXO_USUARIO,TEL_USUARIO,MAIL_USUARIO,ESTADO_USUARIO,CLAVE_USUARIO,PERFIL_ID_PERFIL,CLIENTE_ID_CLIENTE) VALUES (59,'13468001-6','Matthew','Shields','Gomez','13-07-1973','Masculino','56 9 1848 2513','magna.Ut.tincidunt@egestas.org','1','123456',4,12);
INSERT INTO USUARIOS (ID_USUARIO,RUN_USUARIO,NOMBRES_USUARIO,AP_PATERNO,AP_MATERNO,F_NACIMIENTO_USUARIO,SEXO_USUARIO,TEL_USUARIO,MAIL_USUARIO,ESTADO_USUARIO,CLAVE_USUARIO,PERFIL_ID_PERFIL,CLIENTE_ID_CLIENTE) VALUES (60,'46098764-4','Zia','Mcdaniel','Nunez','06-10-1984','Femenino','56 9 4683 0060','tellus.justo@mollisvitaeposuere.com','1','123456',4,13);
INSERT INTO USUARIOS (ID_USUARIO,RUN_USUARIO,NOMBRES_USUARIO,AP_PATERNO,AP_MATERNO,F_NACIMIENTO_USUARIO,SEXO_USUARIO,TEL_USUARIO,MAIL_USUARIO,ESTADO_USUARIO,CLAVE_USUARIO,PERFIL_ID_PERFIL,CLIENTE_ID_CLIENTE) VALUES (61,'14821461-1','Roary','Becker','Andrews','03-06-1979','Masculino','56 9 5577 0495','convallis@nunc.co.uk','1','123456',4,14);
INSERT INTO USUARIOS (ID_USUARIO,RUN_USUARIO,NOMBRES_USUARIO,AP_PATERNO,AP_MATERNO,F_NACIMIENTO_USUARIO,SEXO_USUARIO,TEL_USUARIO,MAIL_USUARIO,ESTADO_USUARIO,CLAVE_USUARIO,PERFIL_ID_PERFIL,CLIENTE_ID_CLIENTE) VALUES (62,'43740090-3','Stewart','Rodriquez','Diaz','23-07-1978','Femenino','56 9 6379 3869','dolor.nonummy@gravida.org','1','123456',4,15);
INSERT INTO USUARIOS (ID_USUARIO,RUN_USUARIO,NOMBRES_USUARIO,AP_PATERNO,AP_MATERNO,F_NACIMIENTO_USUARIO,SEXO_USUARIO,TEL_USUARIO,MAIL_USUARIO,ESTADO_USUARIO,CLAVE_USUARIO,PERFIL_ID_PERFIL,CLIENTE_ID_CLIENTE) VALUES (63,'41613074-4','Karina','Bentley','Lewis','16-06-1969','Masculino','56 9 9971 0588','varius.ultrices@duilectusrutrum.com','1','123456',4,2);
INSERT INTO USUARIOS (ID_USUARIO,RUN_USUARIO,NOMBRES_USUARIO,AP_PATERNO,AP_MATERNO,F_NACIMIENTO_USUARIO,SEXO_USUARIO,TEL_USUARIO,MAIL_USUARIO,ESTADO_USUARIO,CLAVE_USUARIO,PERFIL_ID_PERFIL,CLIENTE_ID_CLIENTE) VALUES (64,'36422371-4','Kirk','Fulton','Cantrell','18-08-1980','Femenino','56 9 6062 4121','Nulla.facilisi@et.com','1','123456',4,3);
INSERT INTO USUARIOS (ID_USUARIO,RUN_USUARIO,NOMBRES_USUARIO,AP_PATERNO,AP_MATERNO,F_NACIMIENTO_USUARIO,SEXO_USUARIO,TEL_USUARIO,MAIL_USUARIO,ESTADO_USUARIO,CLAVE_USUARIO,PERFIL_ID_PERFIL,CLIENTE_ID_CLIENTE) VALUES (65,'37414358-1','Beck','Tanner','Meyers','23-05-1984','Femenino','56 9 8823 7291','iaculis.nec@elementumduiquis.co.uk','1','123456',4,4);
INSERT INTO USUARIOS (ID_USUARIO,RUN_USUARIO,NOMBRES_USUARIO,AP_PATERNO,AP_MATERNO,F_NACIMIENTO_USUARIO,SEXO_USUARIO,TEL_USUARIO,MAIL_USUARIO,ESTADO_USUARIO,CLAVE_USUARIO,PERFIL_ID_PERFIL,CLIENTE_ID_CLIENTE) VALUES (66,'36699486-6','Justine','Wong','Mayer','16-12-1981','Femenino','56 9 4051 0738','iaculis@lectusNullamsuscipit.edu','1','123456',4,5);
INSERT INTO USUARIOS (ID_USUARIO,RUN_USUARIO,NOMBRES_USUARIO,AP_PATERNO,AP_MATERNO,F_NACIMIENTO_USUARIO,SEXO_USUARIO,TEL_USUARIO,MAIL_USUARIO,ESTADO_USUARIO,CLAVE_USUARIO,PERFIL_ID_PERFIL,CLIENTE_ID_CLIENTE) VALUES (67,'35245436-2','Asher','Reese','Robertson','29-07-1971','Femenino','56 9 3144 4117','mi@ametconsectetuer.org','1','123456',4,6);
INSERT INTO USUARIOS (ID_USUARIO,RUN_USUARIO,NOMBRES_USUARIO,AP_PATERNO,AP_MATERNO,F_NACIMIENTO_USUARIO,SEXO_USUARIO,TEL_USUARIO,MAIL_USUARIO,ESTADO_USUARIO,CLAVE_USUARIO,PERFIL_ID_PERFIL,CLIENTE_ID_CLIENTE) VALUES (68,'13326650-K','Nicholas','Foley','Potts','22-05-1966','Masculino','56 9 8599 9525','et.magnis.dis@sagittisfelis.edu','1','123456',4,7);
INSERT INTO USUARIOS (ID_USUARIO,RUN_USUARIO,NOMBRES_USUARIO,AP_PATERNO,AP_MATERNO,F_NACIMIENTO_USUARIO,SEXO_USUARIO,TEL_USUARIO,MAIL_USUARIO,ESTADO_USUARIO,CLAVE_USUARIO,PERFIL_ID_PERFIL,CLIENTE_ID_CLIENTE) VALUES (69,'33711055-K','Orlando','Parrish','Simpson','25-08-1982','Masculino','56 9 0981 3712','Nulla.eget.metus@dolorquamelementum.ca','1','123456',4,8);
INSERT INTO USUARIOS (ID_USUARIO,RUN_USUARIO,NOMBRES_USUARIO,AP_PATERNO,AP_MATERNO,F_NACIMIENTO_USUARIO,SEXO_USUARIO,TEL_USUARIO,MAIL_USUARIO,ESTADO_USUARIO,CLAVE_USUARIO,PERFIL_ID_PERFIL,CLIENTE_ID_CLIENTE) VALUES (70,'42292255-5','Abigail','Love','Rios','20-10-1978','Masculino','56 9 5527 7850','dui@Donectempuslorem.org','1','123456',4,9);
INSERT INTO USUARIOS (ID_USUARIO,RUN_USUARIO,NOMBRES_USUARIO,AP_PATERNO,AP_MATERNO,F_NACIMIENTO_USUARIO,SEXO_USUARIO,TEL_USUARIO,MAIL_USUARIO,ESTADO_USUARIO,CLAVE_USUARIO,PERFIL_ID_PERFIL,CLIENTE_ID_CLIENTE) VALUES (71,'48379042-2','Harrison','Dorsey','Booth','09-09-1981','Femenino','56 9 2593 2028','feugiat@rhoncus.org','1','123456',4,10);
INSERT INTO USUARIOS (ID_USUARIO,RUN_USUARIO,NOMBRES_USUARIO,AP_PATERNO,AP_MATERNO,F_NACIMIENTO_USUARIO,SEXO_USUARIO,TEL_USUARIO,MAIL_USUARIO,ESTADO_USUARIO,CLAVE_USUARIO,PERFIL_ID_PERFIL,CLIENTE_ID_CLIENTE) VALUES (72,'46150676-3','Colton','Fleming','Daniel','01-07-1978','Femenino','56 9 0679 5163','In@tellus.net','1','123456',4,11);
INSERT INTO USUARIOS (ID_USUARIO,RUN_USUARIO,NOMBRES_USUARIO,AP_PATERNO,AP_MATERNO,F_NACIMIENTO_USUARIO,SEXO_USUARIO,TEL_USUARIO,MAIL_USUARIO,ESTADO_USUARIO,CLAVE_USUARIO,PERFIL_ID_PERFIL,CLIENTE_ID_CLIENTE) VALUES (73,'22089022-8','William','Phelps','Berger','07-03-1972','Femenino','56 9 1233 4038','vitae.erat.Vivamus@lobortis.net','1','123456',4,12);
INSERT INTO USUARIOS (ID_USUARIO,RUN_USUARIO,NOMBRES_USUARIO,AP_PATERNO,AP_MATERNO,F_NACIMIENTO_USUARIO,SEXO_USUARIO,TEL_USUARIO,MAIL_USUARIO,ESTADO_USUARIO,CLAVE_USUARIO,PERFIL_ID_PERFIL,CLIENTE_ID_CLIENTE) VALUES (74,'18094254-8','Patience','Dominguez','Tanner','14-06-1968','Femenino','56 9 6958 1814','turpis@Naminterdum.net','1','123456',4,13);
INSERT INTO USUARIOS (ID_USUARIO,RUN_USUARIO,NOMBRES_USUARIO,AP_PATERNO,AP_MATERNO,F_NACIMIENTO_USUARIO,SEXO_USUARIO,TEL_USUARIO,MAIL_USUARIO,ESTADO_USUARIO,CLAVE_USUARIO,PERFIL_ID_PERFIL,CLIENTE_ID_CLIENTE) VALUES (75,'26454190-5','Josiah','Green','Valentine','14-02-1984','Masculino','56 9 5484 1998','enim@consectetuerrhoncusNullam.org','1','123456',4,14);
INSERT INTO USUARIOS (ID_USUARIO,RUN_USUARIO,NOMBRES_USUARIO,AP_PATERNO,AP_MATERNO,F_NACIMIENTO_USUARIO,SEXO_USUARIO,TEL_USUARIO,MAIL_USUARIO,ESTADO_USUARIO,CLAVE_USUARIO,PERFIL_ID_PERFIL,CLIENTE_ID_CLIENTE) VALUES (76,'43081538-5','Leonard','Mccall','Chapman','20-02-1968','Femenino','56 9 4524 0834','eleifend.egestas.Sed@ultriciessemmagna.edu','1','123456',4,15);
INSERT INTO USUARIOS (ID_USUARIO,RUN_USUARIO,NOMBRES_USUARIO,AP_PATERNO,AP_MATERNO,F_NACIMIENTO_USUARIO,SEXO_USUARIO,TEL_USUARIO,MAIL_USUARIO,ESTADO_USUARIO,CLAVE_USUARIO,PERFIL_ID_PERFIL,CLIENTE_ID_CLIENTE) VALUES (77,'25373702-6','Cruz','Mcdaniel','Barron','09-09-1977','Masculino','56 9 6504 3355','dui@scelerisquenequesed.co.uk','1','123456',4,2);
INSERT INTO USUARIOS (ID_USUARIO,RUN_USUARIO,NOMBRES_USUARIO,AP_PATERNO,AP_MATERNO,F_NACIMIENTO_USUARIO,SEXO_USUARIO,TEL_USUARIO,MAIL_USUARIO,ESTADO_USUARIO,CLAVE_USUARIO,PERFIL_ID_PERFIL,CLIENTE_ID_CLIENTE) VALUES (78,'25179407-3','Jackson','Petersen','Blake','20-06-1968','Femenino','56 9 9407 9706','bibendum@estNunc.edu','1','123456',4,3);
INSERT INTO USUARIOS (ID_USUARIO,RUN_USUARIO,NOMBRES_USUARIO,AP_PATERNO,AP_MATERNO,F_NACIMIENTO_USUARIO,SEXO_USUARIO,TEL_USUARIO,MAIL_USUARIO,ESTADO_USUARIO,CLAVE_USUARIO,PERFIL_ID_PERFIL,CLIENTE_ID_CLIENTE) VALUES (79,'46020256-6','Rahim','Oneal','Colon','28-02-1984','Masculino','56 9 4107 4819','Mauris@pede.net','1','123456',4,4);
INSERT INTO USUARIOS (ID_USUARIO,RUN_USUARIO,NOMBRES_USUARIO,AP_PATERNO,AP_MATERNO,F_NACIMIENTO_USUARIO,SEXO_USUARIO,TEL_USUARIO,MAIL_USUARIO,ESTADO_USUARIO,CLAVE_USUARIO,PERFIL_ID_PERFIL,CLIENTE_ID_CLIENTE) VALUES (80,'50390582-5','Bertha','Fields','Sweeney','31-12-1980','Femenino','56 9 3383 0289','sem.Pellentesque.ut@elitCurabitur.edu','1','123456',4,5);
INSERT INTO USUARIOS (ID_USUARIO,RUN_USUARIO,NOMBRES_USUARIO,AP_PATERNO,AP_MATERNO,F_NACIMIENTO_USUARIO,SEXO_USUARIO,TEL_USUARIO,MAIL_USUARIO,ESTADO_USUARIO,CLAVE_USUARIO,PERFIL_ID_PERFIL,CLIENTE_ID_CLIENTE) VALUES (81,'22527369-3','Sean','Francis','Greene','16-08-1969','Femenino','56 9 2630 0727','et.magnis.dis@Mauris.org','1','123456',4,6);
INSERT INTO USUARIOS (ID_USUARIO,RUN_USUARIO,NOMBRES_USUARIO,AP_PATERNO,AP_MATERNO,F_NACIMIENTO_USUARIO,SEXO_USUARIO,TEL_USUARIO,MAIL_USUARIO,ESTADO_USUARIO,CLAVE_USUARIO,PERFIL_ID_PERFIL,CLIENTE_ID_CLIENTE) VALUES (82,'31367814-8','Marvin','Mayer','Stone','22-03-1975','Masculino','56 9 0023 4209','cursus.Integer@adui.ca','1','123456',4,7);
INSERT INTO USUARIOS (ID_USUARIO,RUN_USUARIO,NOMBRES_USUARIO,AP_PATERNO,AP_MATERNO,F_NACIMIENTO_USUARIO,SEXO_USUARIO,TEL_USUARIO,MAIL_USUARIO,ESTADO_USUARIO,CLAVE_USUARIO,PERFIL_ID_PERFIL,CLIENTE_ID_CLIENTE) VALUES (83,'5603705-5','Chiquita','Ashley','Warren','31-08-1966','Masculino','56 9 0789 8668','diam.vel.arcu@sit.com','1','123456',4,8);
INSERT INTO USUARIOS (ID_USUARIO,RUN_USUARIO,NOMBRES_USUARIO,AP_PATERNO,AP_MATERNO,F_NACIMIENTO_USUARIO,SEXO_USUARIO,TEL_USUARIO,MAIL_USUARIO,ESTADO_USUARIO,CLAVE_USUARIO,PERFIL_ID_PERFIL,CLIENTE_ID_CLIENTE) VALUES (84,'50034363-K','Mariko','Lott','Benton','29-07-1973','Femenino','56 9 2725 5187','nec.imperdiet.nec@nisinibhlacinia.co.uk','1','123456',4,9);
INSERT INTO USUARIOS (ID_USUARIO,RUN_USUARIO,NOMBRES_USUARIO,AP_PATERNO,AP_MATERNO,F_NACIMIENTO_USUARIO,SEXO_USUARIO,TEL_USUARIO,MAIL_USUARIO,ESTADO_USUARIO,CLAVE_USUARIO,PERFIL_ID_PERFIL,CLIENTE_ID_CLIENTE) VALUES (85,'31056182-7','Barry','Peters','Hutchinson','19-12-1974','Masculino','56 9 7245 4506','mi@Namtempordiam.ca','1','123456',4,10);
INSERT INTO USUARIOS (ID_USUARIO,RUN_USUARIO,NOMBRES_USUARIO,AP_PATERNO,AP_MATERNO,F_NACIMIENTO_USUARIO,SEXO_USUARIO,TEL_USUARIO,MAIL_USUARIO,ESTADO_USUARIO,CLAVE_USUARIO,PERFIL_ID_PERFIL,CLIENTE_ID_CLIENTE) VALUES (86,'21974423-4','Leo','Stevenson','Bell','16-05-1966','Femenino','56 9 4135 1073','nunc.sit.amet@montesnascetur.ca','1','123456',4,11);
INSERT INTO USUARIOS (ID_USUARIO,RUN_USUARIO,NOMBRES_USUARIO,AP_PATERNO,AP_MATERNO,F_NACIMIENTO_USUARIO,SEXO_USUARIO,TEL_USUARIO,MAIL_USUARIO,ESTADO_USUARIO,CLAVE_USUARIO,PERFIL_ID_PERFIL,CLIENTE_ID_CLIENTE) VALUES (87,'42269787-K','Ignatius','Montgomery','Norris','12-10-1967','Femenino','56 9 0178 5040','id@et.edu','1','123456',4,12);
INSERT INTO USUARIOS (ID_USUARIO,RUN_USUARIO,NOMBRES_USUARIO,AP_PATERNO,AP_MATERNO,F_NACIMIENTO_USUARIO,SEXO_USUARIO,TEL_USUARIO,MAIL_USUARIO,ESTADO_USUARIO,CLAVE_USUARIO,PERFIL_ID_PERFIL,CLIENTE_ID_CLIENTE) VALUES (88,'33591028-1','Laurel','Bishop','Gillespie','09-01-1983','Femenino','56 9 5904 6791','Duis.dignissim.tempor@ac.edu','1','123456',4,13);
INSERT INTO USUARIOS (ID_USUARIO,RUN_USUARIO,NOMBRES_USUARIO,AP_PATERNO,AP_MATERNO,F_NACIMIENTO_USUARIO,SEXO_USUARIO,TEL_USUARIO,MAIL_USUARIO,ESTADO_USUARIO,CLAVE_USUARIO,PERFIL_ID_PERFIL,CLIENTE_ID_CLIENTE) VALUES (89,'50743048-1','Idona','Stone','Mills','08-09-1980','Femenino','56 9 6740 8622','est.congue.a@eratEtiamvestibulum.co.uk','1','123456',4,14);
INSERT INTO USUARIOS (ID_USUARIO,RUN_USUARIO,NOMBRES_USUARIO,AP_PATERNO,AP_MATERNO,F_NACIMIENTO_USUARIO,SEXO_USUARIO,TEL_USUARIO,MAIL_USUARIO,ESTADO_USUARIO,CLAVE_USUARIO,PERFIL_ID_PERFIL,CLIENTE_ID_CLIENTE) VALUES (90,'23130127-5','Nelle','Davis','Hall','09-11-1975','Femenino','56 9 7676 7216','pulvinar.arcu@vestibulum.org','1','123456',4,15);
INSERT INTO USUARIOS (ID_USUARIO,RUN_USUARIO,NOMBRES_USUARIO,AP_PATERNO,AP_MATERNO,F_NACIMIENTO_USUARIO,SEXO_USUARIO,TEL_USUARIO,MAIL_USUARIO,ESTADO_USUARIO,CLAVE_USUARIO,PERFIL_ID_PERFIL,CLIENTE_ID_CLIENTE) VALUES (91,'7399837-9','Dawn','Head','Elliott','26-04-1977','Femenino','56 9 8580 3840','sociosqu.ad.litora@Maecenasiaculisaliquet.edu','1','123456',4,2);
INSERT INTO USUARIOS (ID_USUARIO,RUN_USUARIO,NOMBRES_USUARIO,AP_PATERNO,AP_MATERNO,F_NACIMIENTO_USUARIO,SEXO_USUARIO,TEL_USUARIO,MAIL_USUARIO,ESTADO_USUARIO,CLAVE_USUARIO,PERFIL_ID_PERFIL,CLIENTE_ID_CLIENTE) VALUES (92,'45872183-1','Flynn','Avila','Wallace','27-08-1981','Femenino','56 9 8156 4867','et.magnis.dis@dictum.com','1','123456',4,3);
INSERT INTO USUARIOS (ID_USUARIO,RUN_USUARIO,NOMBRES_USUARIO,AP_PATERNO,AP_MATERNO,F_NACIMIENTO_USUARIO,SEXO_USUARIO,TEL_USUARIO,MAIL_USUARIO,ESTADO_USUARIO,CLAVE_USUARIO,PERFIL_ID_PERFIL,CLIENTE_ID_CLIENTE) VALUES (93,'43375663-0','Ian','Harris','Wilkerson','05-12-1966','Femenino','56 9 9661 8275','Fusce.fermentum@penatibusetmagnis.edu','1','123456',4,4);
INSERT INTO USUARIOS (ID_USUARIO,RUN_USUARIO,NOMBRES_USUARIO,AP_PATERNO,AP_MATERNO,F_NACIMIENTO_USUARIO,SEXO_USUARIO,TEL_USUARIO,MAIL_USUARIO,ESTADO_USUARIO,CLAVE_USUARIO,PERFIL_ID_PERFIL,CLIENTE_ID_CLIENTE) VALUES (94,'43110379-6','Oscar','Christensen','Benton','24-06-1969','Femenino','56 9 6466 8019','sed.orci@vestibulum.net','1','123456',4,5);
INSERT INTO USUARIOS (ID_USUARIO,RUN_USUARIO,NOMBRES_USUARIO,AP_PATERNO,AP_MATERNO,F_NACIMIENTO_USUARIO,SEXO_USUARIO,TEL_USUARIO,MAIL_USUARIO,ESTADO_USUARIO,CLAVE_USUARIO,PERFIL_ID_PERFIL,CLIENTE_ID_CLIENTE) VALUES (95,'43108442-2','Indira','Aguirre','Hubbard','23-01-1984','Masculino','56 9 6167 6565','turpis@semper.co.uk','1','123456',4,6);
INSERT INTO USUARIOS (ID_USUARIO,RUN_USUARIO,NOMBRES_USUARIO,AP_PATERNO,AP_MATERNO,F_NACIMIENTO_USUARIO,SEXO_USUARIO,TEL_USUARIO,MAIL_USUARIO,ESTADO_USUARIO,CLAVE_USUARIO,PERFIL_ID_PERFIL,CLIENTE_ID_CLIENTE) VALUES (96,'25571691-3','Jasper','Carver','Calderon','25-04-1971','Masculino','56 9 7782 0225','nec.leo@afelisullamcorper.co.uk','1','123456',4,7);
INSERT INTO USUARIOS (ID_USUARIO,RUN_USUARIO,NOMBRES_USUARIO,AP_PATERNO,AP_MATERNO,F_NACIMIENTO_USUARIO,SEXO_USUARIO,TEL_USUARIO,MAIL_USUARIO,ESTADO_USUARIO,CLAVE_USUARIO,PERFIL_ID_PERFIL,CLIENTE_ID_CLIENTE) VALUES (97,'38396448-2','Avram','Huff','Ortega','10-10-1976','Masculino','56 9 0215 3866','ante@mauris.co.uk','1','123456',4,8);
INSERT INTO USUARIOS (ID_USUARIO,RUN_USUARIO,NOMBRES_USUARIO,AP_PATERNO,AP_MATERNO,F_NACIMIENTO_USUARIO,SEXO_USUARIO,TEL_USUARIO,MAIL_USUARIO,ESTADO_USUARIO,CLAVE_USUARIO,PERFIL_ID_PERFIL,CLIENTE_ID_CLIENTE) VALUES (98,'14411419-1','Sylvester','Peters','Morris','21-10-1967','Masculino','56 9 2720 4105','erat@etrutrum.co.uk','1','123456',4,9);
INSERT INTO USUARIOS (ID_USUARIO,RUN_USUARIO,NOMBRES_USUARIO,AP_PATERNO,AP_MATERNO,F_NACIMIENTO_USUARIO,SEXO_USUARIO,TEL_USUARIO,MAIL_USUARIO,ESTADO_USUARIO,CLAVE_USUARIO,PERFIL_ID_PERFIL,CLIENTE_ID_CLIENTE) VALUES (99,'49565408-7','Valentine','Cotton','Wilkerson','02-12-1981','Femenino','56 9 7914 0324','Donec.tincidunt.Donec@consequatpurusMaecenas.co.uk','1','123456',4,10);
INSERT INTO USUARIOS (ID_USUARIO,RUN_USUARIO,NOMBRES_USUARIO,AP_PATERNO,AP_MATERNO,F_NACIMIENTO_USUARIO,SEXO_USUARIO,TEL_USUARIO,MAIL_USUARIO,ESTADO_USUARIO,CLAVE_USUARIO,PERFIL_ID_PERFIL,CLIENTE_ID_CLIENTE) VALUES (100,'5700396-0','Sonia','Holloway','Gross','02-01-1974','Femenino','56 9 1393 0454','a.odio.semper@cursusnon.ca','1','123456',4,11);

INSERT INTO MEDICO (ID_MEDICO,RUN_MEDICO,NOMBRE_MEDICO,UNIVERSIDAD,MAIL_MEDICO,TEL_MEDICO,ESTADO_MEDICO) VALUES (1,'33973539-5','Rafael Carr','Catolica','posuere@nuncullamcorper.co.uk','56 9 5998 7266','1');
INSERT INTO MEDICO (ID_MEDICO,RUN_MEDICO,NOMBRE_MEDICO,UNIVERSIDAD,MAIL_MEDICO,TEL_MEDICO,ESTADO_MEDICO) VALUES (2,'35330921-8','Nicholas Chang','Chile','et@lacusNullatincidunt.co.uk','56 9 5615 9510','1');
INSERT INTO MEDICO (ID_MEDICO,RUN_MEDICO,NOMBRE_MEDICO,UNIVERSIDAD,MAIL_MEDICO,TEL_MEDICO,ESTADO_MEDICO) VALUES (3,'37308273-2','Xanthus Sykes','Chile','ut@egetvariusultrices.ca','56 9 8117 4113','1');
INSERT INTO MEDICO (ID_MEDICO,RUN_MEDICO,NOMBRE_MEDICO,UNIVERSIDAD,MAIL_MEDICO,TEL_MEDICO,ESTADO_MEDICO) VALUES (4,'22622859-4','Diana Terry','Catolica','nunc.id@malesuada.edu','56 9 2923 3380','1');
INSERT INTO MEDICO (ID_MEDICO,RUN_MEDICO,NOMBRE_MEDICO,UNIVERSIDAD,MAIL_MEDICO,TEL_MEDICO,ESTADO_MEDICO) VALUES (5,'40351987-1','Brandon Newton','Catolica','sagittis@Maurisutquam.org','56 9 4413 2056','1');
INSERT INTO MEDICO (ID_MEDICO,RUN_MEDICO,NOMBRE_MEDICO,UNIVERSIDAD,MAIL_MEDICO,TEL_MEDICO,ESTADO_MEDICO) VALUES (6,'14204457-9','Alma Frye','Chile','pellentesque@convalliserat.edu','56 9 2901 4551','1');
INSERT INTO MEDICO (ID_MEDICO,RUN_MEDICO,NOMBRE_MEDICO,UNIVERSIDAD,MAIL_MEDICO,TEL_MEDICO,ESTADO_MEDICO) VALUES (7,'37527168-0','Roanna Harrington','Santiago','nec.tempus@nonfeugiat.net','56 9 2762 0230','1');
INSERT INTO MEDICO (ID_MEDICO,RUN_MEDICO,NOMBRE_MEDICO,UNIVERSIDAD,MAIL_MEDICO,TEL_MEDICO,ESTADO_MEDICO) VALUES (8,'45621904-7','Cadman Figueroa','Santiago','ipsum.porta@maurisInteger.net','56 9 3386 2284','1');
INSERT INTO MEDICO (ID_MEDICO,RUN_MEDICO,NOMBRE_MEDICO,UNIVERSIDAD,MAIL_MEDICO,TEL_MEDICO,ESTADO_MEDICO) VALUES (9,'14359854-3','Yael Turner','Santiago','ut.cursus@amet.org','56 9 8944 3267','1');
INSERT INTO MEDICO (ID_MEDICO,RUN_MEDICO,NOMBRE_MEDICO,UNIVERSIDAD,MAIL_MEDICO,TEL_MEDICO,ESTADO_MEDICO) VALUES (10,'38893485-9','Rashad Waller','Santiago','eu.nulla.at@sodale.co.uk','56 9 9715 9887','1');
INSERT INTO MEDICO (ID_MEDICO,RUN_MEDICO,NOMBRE_MEDICO,UNIVERSIDAD,MAIL_MEDICO,TEL_MEDICO,ESTADO_MEDICO) VALUES (11,'30619631-6','Yen Chaney','Catolica','tellus.n@liberoIntegerin.net','56 9 1822 1409','1');
INSERT INTO MEDICO (ID_MEDICO,RUN_MEDICO,NOMBRE_MEDICO,UNIVERSIDAD,MAIL_MEDICO,TEL_MEDICO,ESTADO_MEDICO) VALUES (12,'32667790-6','Miriam Blake','Catolica','mattis.Integer@felisNulla.edu','56 9 0483 6346','1');
INSERT INTO MEDICO (ID_MEDICO,RUN_MEDICO,NOMBRE_MEDICO,UNIVERSIDAD,MAIL_MEDICO,TEL_MEDICO,ESTADO_MEDICO) VALUES (13,'32991166-7','Marcia Ortiz','Santiago','sodales@sapienmolestie.co.uk','56 9 8251 5978','1');
INSERT INTO MEDICO (ID_MEDICO,RUN_MEDICO,NOMBRE_MEDICO,UNIVERSIDAD,MAIL_MEDICO,TEL_MEDICO,ESTADO_MEDICO) VALUES (14,'6086913-8','Fuller Kirby','Chile','imperdiet.erat.nonummy@erat.ca','56 9 2894 0720','1');
INSERT INTO MEDICO (ID_MEDICO,RUN_MEDICO,NOMBRE_MEDICO,UNIVERSIDAD,MAIL_MEDICO,TEL_MEDICO,ESTADO_MEDICO) VALUES (15,'38526785-1','Lunea Howe','Catolica','sodales.nisi@utodio.edu','56 9 2488 4292','1');
INSERT INTO MEDICO (ID_MEDICO,RUN_MEDICO,NOMBRE_MEDICO,UNIVERSIDAD,MAIL_MEDICO,TEL_MEDICO,ESTADO_MEDICO) VALUES (16,'39099574-1','Mannix Parker','Catolica','dolor@magnisdis.edu','56 9 5589 1371','1');
INSERT INTO MEDICO (ID_MEDICO,RUN_MEDICO,NOMBRE_MEDICO,UNIVERSIDAD,MAIL_MEDICO,TEL_MEDICO,ESTADO_MEDICO) VALUES (17,'20148321-2','Idola House','Santiago','ipsum.Phasellus@molestiein.com','56 9 2765 4552','1');
INSERT INTO MEDICO (ID_MEDICO,RUN_MEDICO,NOMBRE_MEDICO,UNIVERSIDAD,MAIL_MEDICO,TEL_MEDICO,ESTADO_MEDICO) VALUES (18,'17764118-9','Kylan Pugh','Santiago','vulputate@euligula.co.uk','56 9 0044 8618','1');
INSERT INTO MEDICO (ID_MEDICO,RUN_MEDICO,NOMBRE_MEDICO,UNIVERSIDAD,MAIL_MEDICO,TEL_MEDICO,ESTADO_MEDICO) VALUES (19,'24612898-7','Denise Dominguez','Santiago','malesuada@ultricesDuisvolu.com','56 9 0069 8885','1');
INSERT INTO MEDICO (ID_MEDICO,RUN_MEDICO,NOMBRE_MEDICO,UNIVERSIDAD,MAIL_MEDICO,TEL_MEDICO,ESTADO_MEDICO) VALUES (20,'19933902-8','Miranda Heath','Catolica','et@SeddictumProin.com','56 9 7082 3338','1');

INSERT INTO TIPOVISITTER (ID_TIPO_VISTER, DES_TIPO_VIS_TER, ESTADO) VALUES(1, 'Instalación', 1);
INSERT INTO TIPOVISITTER (ID_TIPO_VISTER, DES_TIPO_VIS_TER, ESTADO) VALUES(2, 'Personal', 1);
INSERT INTO TIPOVISITTER (ID_TIPO_VISTER, DES_TIPO_VIS_TER, ESTADO) VALUES(3, 'Intalación/Personal', 1);

INSERT INTO ESTADO_EVAL_TERR (ID_ESTADO, DESCRIP_ESTADO_EVAL_TERR, ESTADO) VALUES(1, 'Creada', 1);
INSERT INTO ESTADO_EVAL_TERR (ID_ESTADO, DESCRIP_ESTADO_EVAL_TERR, ESTADO) VALUES(2, 'Revisión supervisor', 1);
INSERT INTO ESTADO_EVAL_TERR (ID_ESTADO, DESCRIP_ESTADO_EVAL_TERR, ESTADO) VALUES(3, 'Revisión Ingeniero', 1);
INSERT INTO ESTADO_EVAL_TERR (ID_ESTADO, DESCRIP_ESTADO_EVAL_TERR, ESTADO) VALUES(4, 'Aprobada', 1);
INSERT INTO ESTADO_EVAL_TERR (ID_ESTADO, DESCRIP_ESTADO_EVAL_TERR, ESTADO) VALUES(5, 'Rechazada', 1);

INSERT INTO TIPO_CAP (ID_TIPO_CAP, DESCRIP_CAP, ESTADO) VALUES(1, 'Maquinaria', 1);
INSERT INTO TIPO_CAP (ID_TIPO_CAP, DESCRIP_CAP, ESTADO) VALUES(2, 'Construcción', 1);
INSERT INTO TIPO_CAP (ID_TIPO_CAP, DESCRIP_CAP, ESTADO) VALUES(3, 'Primeros Auxilios', 1);
INSERT INTO TIPO_CAP (ID_TIPO_CAP, DESCRIP_CAP, ESTADO) VALUES(4, 'Mecánica', 1);

INSERT INTO TIPO_EXAMEN (ID_TIPO_EXAM, DESCRIP_EXAM, ESTADO) VALUES(1, 'Kinesilogía', 1);
INSERT INTO TIPO_EXAMEN (ID_TIPO_EXAM, DESCRIP_EXAM, ESTADO) VALUES(2, 'Oftabmología', 1);
INSERT INTO TIPO_EXAMEN (ID_TIPO_EXAM, DESCRIP_EXAM, ESTADO) VALUES(3, 'Cardiología', 1);
INSERT INTO TIPO_EXAMEN (ID_TIPO_EXAM, DESCRIP_EXAM, ESTADO) VALUES(4, 'Sangre', 1);

INSERT INTO EXPOSITOR (ID_EXPOSITOR,RUN_EXPOSITOR,NOMBRE_EXPOSITOR,TEL_EXPOSITOR,MAIL_EXPOSITOR,ESTADO_EXPOSITOR) VALUES (1,'9782676-5','Jelani Merrill','56 9 1614 9555','Aenean@tempusnonlacinia.ca','1');
INSERT INTO EXPOSITOR (ID_EXPOSITOR,RUN_EXPOSITOR,NOMBRE_EXPOSITOR,TEL_EXPOSITOR,MAIL_EXPOSITOR,ESTADO_EXPOSITOR) VALUES (2,'27949041-K','Jermaine Mccoy','56 9 2016 3389','leo.Cras@pharetra.com','1');
INSERT INTO EXPOSITOR (ID_EXPOSITOR,RUN_EXPOSITOR,NOMBRE_EXPOSITOR,TEL_EXPOSITOR,MAIL_EXPOSITOR,ESTADO_EXPOSITOR) VALUES (3,'49058645-8','Angelica Peters','56 9 3239 5045','Morbi@suscipitnonummyFusce.edu','1');
INSERT INTO EXPOSITOR (ID_EXPOSITOR,RUN_EXPOSITOR,NOMBRE_EXPOSITOR,TEL_EXPOSITOR,MAIL_EXPOSITOR,ESTADO_EXPOSITOR) VALUES (4,'50584601-K','Kane French','56 9 9317 1174','Aliquam@nisl.edu','1');
INSERT INTO EXPOSITOR (ID_EXPOSITOR,RUN_EXPOSITOR,NOMBRE_EXPOSITOR,TEL_EXPOSITOR,MAIL_EXPOSITOR,ESTADO_EXPOSITOR) VALUES (5,'23786455-7','Brandon Hendrix','56 9 8083 3295','aliquam@seddolorFusce.com','1');
INSERT INTO EXPOSITOR (ID_EXPOSITOR,RUN_EXPOSITOR,NOMBRE_EXPOSITOR,TEL_EXPOSITOR,MAIL_EXPOSITOR,ESTADO_EXPOSITOR) VALUES (6,'25324319-8','Kelsey Giles','56 9 6398 1216','ornare.egestas.ligula@odio.net','1');
INSERT INTO EXPOSITOR (ID_EXPOSITOR,RUN_EXPOSITOR,NOMBRE_EXPOSITOR,TEL_EXPOSITOR,MAIL_EXPOSITOR,ESTADO_EXPOSITOR) VALUES (7,'8762726-8','Melyssa Keith','56 9 8627 2468','lorem.lorem@Suspendisse.net','1');
INSERT INTO EXPOSITOR (ID_EXPOSITOR,RUN_EXPOSITOR,NOMBRE_EXPOSITOR,TEL_EXPOSITOR,MAIL_EXPOSITOR,ESTADO_EXPOSITOR) VALUES (8,'13690817-0','Beverly Maddox','56 9 9275 2011','Aenean.s@nuncullamcorpereu.edu','1');
INSERT INTO EXPOSITOR (ID_EXPOSITOR,RUN_EXPOSITOR,NOMBRE_EXPOSITOR,TEL_EXPOSITOR,MAIL_EXPOSITOR,ESTADO_EXPOSITOR) VALUES (9,'12285139-7','Joel Diaz','56 9 9023 0694','porta.elit@arcu.ca','1');
INSERT INTO EXPOSITOR (ID_EXPOSITOR,RUN_EXPOSITOR,NOMBRE_EXPOSITOR,TEL_EXPOSITOR,MAIL_EXPOSITOR,ESTADO_EXPOSITOR) VALUES (10,'27976603-2','Indira Lowery','56 9 2116 7503','massa@dictumeuplacerat.edu','1');
INSERT INTO EXPOSITOR (ID_EXPOSITOR,RUN_EXPOSITOR,NOMBRE_EXPOSITOR,TEL_EXPOSITOR,MAIL_EXPOSITOR,ESTADO_EXPOSITOR) VALUES (11,'8608184-9','Keiko Ruiz','56 9 6390 6686','sem.magna@Cras.com','1');
INSERT INTO EXPOSITOR (ID_EXPOSITOR,RUN_EXPOSITOR,NOMBRE_EXPOSITOR,TEL_EXPOSITOR,MAIL_EXPOSITOR,ESTADO_EXPOSITOR) VALUES (12,'8603551-0','Daryl Morrow','56 9 1839 6015','mauris.aliquet@egestas.net','1');
INSERT INTO EXPOSITOR (ID_EXPOSITOR,RUN_EXPOSITOR,NOMBRE_EXPOSITOR,TEL_EXPOSITOR,MAIL_EXPOSITOR,ESTADO_EXPOSITOR) VALUES (13,'33573315-0','Yardley Landry','56 9 3156 9562','sapien@imperdietdictum.ca','1');
INSERT INTO EXPOSITOR (ID_EXPOSITOR,RUN_EXPOSITOR,NOMBRE_EXPOSITOR,TEL_EXPOSITOR,MAIL_EXPOSITOR,ESTADO_EXPOSITOR) VALUES (14,'36486550-3','Demetrius Benjamin','56 9 4941 9705','Lorem.ipsum@nonbibendumsed.com','1');
INSERT INTO EXPOSITOR (ID_EXPOSITOR,RUN_EXPOSITOR,NOMBRE_EXPOSITOR,TEL_EXPOSITOR,MAIL_EXPOSITOR,ESTADO_EXPOSITOR) VALUES (15,'37409204-9','Leonard Williams','56 9 7381 5224','nec@Suspendisseeleifend.com','1');

INSERT INTO CERTIFICADO (ID_CERTIFICADO, TIPO_CERTIFICADO, COD_CERTIFICADO, ESTADO, CLIENTE_ID_CLIENTE) VALUES(1, 'Evaluación', NULL, 0, 2);

INSERT INTO SOLIEVALTER (ID_SOLICITUD, FECHA_CREACION, DIRECCION_VISITA, DESCRIP_VISITA, CLIENTE_ID_CLIENTE, TIPOVISITTER_ID_TIPO_VISTER, ESTADO) VALUES(1, TIMESTAMP '2018-12-01 14:00:00.000000', 'Ap #398-7566 Turpis Street', 'necesito que revisen las maquinarias ey el personal asociado', 2, 3, 1);

INSERT INTO EVAL_TERR (ID_EVAL_TERR, OBS_VISITA, ESTADO, SOLIEVALTER_ID_SOLICITUD, ESTADO_EVAL_TERR_ID_ESTADO, CERTIFICADO_ID_CERTIFICADO, USUARIOS_ID_USUARIO) VALUES(1, 'En ruta hacia el cliente', 1, 1, 1, 1,4);

INSERT INTO OBS_SUPERVISOR (ID_OBS_SUPERVISOR, FECHA_HORA_OBS_SUPERVISOR, OBS_SUPERVISOR, ESTADO, EVAL_TERR_ID_EVAL_TERR, EVAL_TERR_ID_USUARIO) VALUES(1, TIMESTAMP '2018-12-04 00:00:00.000000', 'envio la solictud a ingeniero para su aprovación', 1, 1, 4);
INSERT INTO OBS_SUPERVISOR (ID_OBS_SUPERVISOR, FECHA_HORA_OBS_SUPERVISOR, OBS_SUPERVISOR, ESTADO, EVAL_TERR_ID_EVAL_TERR, EVAL_TERR_ID_USUARIO) VALUES(2, TIMESTAMP '2018-12-05 00:00:00.000000', 'Información adicional: el tecnico se tomo el dia libre, revisar mañana', 1, 1, 4);
INSERT INTO OBS_SUPERVISOR (ID_OBS_SUPERVISOR, FECHA_HORA_OBS_SUPERVISOR, OBS_SUPERVISOR, ESTADO, EVAL_TERR_ID_EVAL_TERR, EVAL_TERR_ID_USUARIO) VALUES(3, TIMESTAMP '2018-12-06 00:00:00.000000', 'El tècnico ha vuelto a sus lavores', 1, 1, 4);
INSERT INTO OBS_SUPERVISOR (ID_OBS_SUPERVISOR, FECHA_HORA_OBS_SUPERVISOR, OBS_SUPERVISOR, ESTADO, EVAL_TERR_ID_EVAL_TERR, EVAL_TERR_ID_USUARIO) VALUES(4, TIMESTAMP '2018-12-06 00:00:00.000000', 'volver a revisar por favor.', 1, 1, 4);

INSERT INTO OBS_INGENIERO (ID_OBS_INGENIERO, FECHA_HORA_OBS_ING, OBS_ING, EVAL_TERR_ID_EVAL_TERR, ESTADO, EVAL_TERR_ID_USUARIO) VALUES(1, TIMESTAMP '2018-12-06 00:00:00.000000', 'En proceso de revisión', 1, 1, 4);
INSERT INTO OBS_INGENIERO (ID_OBS_INGENIERO, FECHA_HORA_OBS_ING, OBS_ING, EVAL_TERR_ID_EVAL_TERR, ESTADO, EVAL_TERR_ID_USUARIO) VALUES(2, TIMESTAMP '2018-12-06 00:00:00.000000', 'ya ok esta revisado lo apruebo, este mesaje es para el supervisor.', 1, 1, 4);
INSERT INTO OBS_INGENIERO (ID_OBS_INGENIERO, FECHA_HORA_OBS_ING, OBS_ING, EVAL_TERR_ID_EVAL_TERR, ESTADO, EVAL_TERR_ID_USUARIO) VALUES(3, TIMESTAMP '2018-12-06 00:00:00.000000', 'la evaluación queda aprobada.', 1, 1, 4);

INSERT INTO PLAN_CAP (ID_PLAN_CAP, FECHA_CREACION, ESTADO_PLAN_CAP, CLIENTE_ID_CLIENTE) VALUES(1, TIMESTAMP '2018-12-06 00:00:00.000000', 1, 2);

INSERT INTO CAPACITACION (ID_CAP, NOMBRE_CAPACITACION, ESTADO_CAPACITACION, PLAN_CAP_ID_PLAN_CAP, TIPO_CAP_ID_TIPO_CAP) VALUES(1, 'Grua Orquilla', 1, 1, 1);

INSERT INTO PLAN_SALUD (ID_PLAN_SALUD, FECHA_CREACION, ESTADO_PLAN_SALUD, CLIENTE_ID_CLIENTE) VALUES(1, TIMESTAMP '2018-12-06 00:00:00.000000', 1, 2);

INSERT INTO EXAMENES (ID_EXAMEN, NOMBRE_EXAMEN, ESTADO_EXAMEN, PLAN_SALUD_ID_PLAN_SALUD, TIPO_EXAMEN_ID_TIPO_EXAM) VALUES(1, 'Retina', 1, 1, 2);
